CPR,Phone_number,Region,Gender
2610276135,35356458,Syddanmark,M
0509302386,21308604,Midtjylland,F
2510750440,77871012,Syddanmark,F
2002608262,79337853,Syddanmark,F
1101925604,61430336,Syddanmark,F
2205378141,40710484,Syddanmark,M
0303421217,41738342,Hovedstaden,M
2605558450,55870018,Midtjylland,F
1010395676,85512627,Hovedstaden,F
0205856314,43474247,Hovedstaden,F
2504701434,70823909,Nordjylland,F
1506802360,51175366,Nordjylland,F
1812481169,53074214,Syddanmark,M
0605547652,44578588,Midtjylland,F
2702402882,83287796,Midtjylland,F
2601763816,82333895,Nordjylland,F
0701448609,26075251,Syddanmark,M
1004293681,17566337,Sjælland,M
0706839402,17514791,Nordjylland,F
2812483183,56205915,Syddanmark,M
0804761324,78128879,Midtjylland,F
2301928424,21671456,Syddanmark,F
0401333370,86900452,Syddanmark,F
0302569618,32074249,Sjælland,F
2707303851,21448015,Syddanmark,M
2109716240,99386072,Sjælland,F
1412437648,32028122,Syddanmark,F
3004985169,16087293,Hovedstaden,M
2907445418,89355731,Nordjylland,F
2210671962,10744211,Midtjylland,F
2407967641,97672867,Syddanmark,M
2005957769,23704168,Midtjylland,M
1203797349,52190025,Syddanmark,M
0811917124,75929221,Sjælland,F
0809972103,23105721,Hovedstaden,M
0906406943,62185321,Nordjylland,M
1204975292,37954117,Midtjylland,F
1507477110,83670544,Nordjylland,F
2211566487,51738771,Syddanmark,M
0209687705,77455512,Nordjylland,M
2305662251,11461434,Midtjylland,M
2710275518,56289542,Midtjylland,F
3006780214,37107973,Midtjylland,F
1909526908,69843968,Hovedstaden,F
1908423440,22807521,Nordjylland,F
0403920787,48642566,Hovedstaden,M
1604908214,25108558,Midtjylland,F
0210610893,85484874,Midtjylland,M
0409561834,14041033,Sjælland,F
1812321290,28894681,Syddanmark,F
2106781738,23417861,Midtjylland,F
0408033368,43883087,Midtjylland,F
3107741660,43661753,Syddanmark,F
2712554641,66404330,Nordjylland,M
2103769835,62459118,Nordjylland,M
1705830987,37308518,Midtjylland,M
2711321725,17077171,Syddanmark,M
3105841683,12734400,Hovedstaden,M
2301862187,18417002,Hovedstaden,M
2709474552,79900233,Sjælland,F
2812580486,29901657,Midtjylland,F
2904999885,12425629,Midtjylland,M
1309439676,17627691,Nordjylland,F
2110621528,81266089,Hovedstaden,F
1502929962,48344184,Midtjylland,F
2706010402,87773292,Midtjylland,F
1505613753,43436989,Hovedstaden,M
0111800358,63151760,Midtjylland,F
2607373619,61613648,Hovedstaden,M
0509892156,59728134,Nordjylland,F
0406847213,67737723,Nordjylland,M
2611832460,78515363,Sjælland,F
1609590397,27634257,Nordjylland,M
0905789998,74155967,Nordjylland,F
1409544788,35534693,Nordjylland,F
3009863575,21559799,Midtjylland,M
1610919884,72322844,Midtjylland,F
1303604327,88408140,Sjælland,M
0202525540,62773658,Hovedstaden,F
2709477477,62424207,Syddanmark,M
0711809966,68759357,Sjælland,F
2209763416,77619674,Sjælland,F
1403776214,67190863,Sjælland,F
2405443950,11284426,Syddanmark,F
1812451893,95345984,Hovedstaden,M
0902451757,37042516,Sjælland,M
1308440361,16461745,Nordjylland,M
2909876415,26875688,Nordjylland,M
0803017837,88670641,Nordjylland,M
0504693262,11041866,Sjælland,F
1905749910,98311743,Hovedstaden,F
2110755951,98572056,Syddanmark,M
0202592660,28704106,Midtjylland,F
2601846175,22438895,Syddanmark,M
2810974840,19496611,Sjælland,F
1908933672,55924638,Hovedstaden,F
0411729999,89557767,Sjælland,M
0108015636,54031774,Sjælland,F
1402898150,96948571,Hovedstaden,F
1908686616,18383232,Sjælland,F
1405632328,23493273,Midtjylland,F
2907415513,82526198,Midtjylland,M
1511442656,71652842,Sjælland,F
2507914688,99467818,Sjælland,F
1911911710,97690835,Hovedstaden,F
2709875824,59950159,Midtjylland,F
3011724843,39358562,Syddanmark,M
2209740775,91302432,Hovedstaden,M
2903016810,93200110,Sjælland,F
3003750955,23325169,Hovedstaden,M
2405595550,98084905,Midtjylland,F
1804661647,11692545,Midtjylland,M
1205468650,43042741,Sjælland,F
2602893356,37830018,Sjælland,F
1701442899,86107461,Hovedstaden,M
1411882413,65992488,Syddanmark,M
0211557700,51304591,Midtjylland,F
1312465914,70271198,Sjælland,F
2003407454,42217457,Hovedstaden,F
2207499456,78679891,Hovedstaden,F
1009327340,44096281,Sjælland,F
2211828129,77658039,Sjælland,M
0309354566,82181866,Syddanmark,F
0508362931,61608084,Syddanmark,M
0112371512,51520345,Nordjylland,F
0706911410,90804050,Midtjylland,F
0205512308,38375359,Syddanmark,F
1004897888,57860051,Midtjylland,F
0307851543,46318125,Hovedstaden,M
2302413926,72358835,Nordjylland,F
1106419319,71658648,Nordjylland,M
1010300218,41708010,Syddanmark,F
2807702734,58872240,Sjælland,F
2101301267,76435848,Hovedstaden,M
0909399228,17674974,Nordjylland,F
1609489101,39296493,Midtjylland,M
2211868969,73265477,Hovedstaden,M
1605940855,36462218,Hovedstaden,M
0703398930,75806028,Sjælland,F
0111454381,88349270,Midtjylland,M
3110362368,45181478,Syddanmark,F
2807900943,49581976,Nordjylland,M
2901618517,62546313,Midtjylland,M
2704672488,47008067,Syddanmark,F
1202816879,81211311,Hovedstaden,M
1005340889,31945428,Midtjylland,M
1210843654,62375623,Syddanmark,F
2904029537,72547418,Sjælland,M
1402814730,62955589,Nordjylland,F
2401862567,36853324,Nordjylland,M
3103906932,43063162,Syddanmark,F
1908041972,66113959,Syddanmark,F
1204958305,94920752,Nordjylland,M
1307617514,91050970,Hovedstaden,F
1109313938,76469107,Midtjylland,F
0407954231,48090036,Syddanmark,M
2107830327,69183753,Midtjylland,M
0209028633,19293973,Syddanmark,M
0412311602,60071809,Hovedstaden,F
1102413387,72690560,Nordjylland,M
0503474325,31036184,Sjælland,M
1506815954,25930297,Nordjylland,F
0110377538,23125214,Hovedstaden,F
2408878980,35160763,Syddanmark,F
2409585857,66511801,Midtjylland,M
2409438549,53856134,Hovedstaden,M
1005354255,87365790,Syddanmark,M
0609345730,93560035,Syddanmark,F
1302991599,21560017,Midtjylland,M
1505644927,51172011,Nordjylland,M
0709891181,32613320,Syddanmark,M
0508912509,45082937,Sjælland,M
2308570471,80887454,Nordjylland,M
0306531316,42658983,Hovedstaden,F
2508649412,39953496,Hovedstaden,F
2701358674,50320041,Syddanmark,F
0308469540,46953430,Midtjylland,F
2402643596,44285069,Midtjylland,F
0812592655,60360414,Hovedstaden,M
0709767771,90074762,Sjælland,M
2804853819,32852534,Syddanmark,M
2003047731,47466203,Hovedstaden,M
1805824895,41060888,Syddanmark,M
0701723285,12936219,Sjælland,M
1902973883,81380847,Sjælland,M
1512400692,29416393,Hovedstaden,F
1608829585,38005951,Midtjylland,M
1508674834,56736097,Midtjylland,F
1403053528,89398515,Nordjylland,F
1511805683,52398912,Hovedstaden,M
2307436468,89598955,Midtjylland,F
2312659637,29990825,Syddanmark,M
0201824440,92661944,Syddanmark,F
0601589436,32481405,Sjælland,F
2901761399,28501836,Syddanmark,M
2903526227,34001609,Syddanmark,M
1511675744,16039552,Nordjylland,F
1802324831,95506683,Sjælland,M
2107041827,82962106,Syddanmark,M
2411830840,90391552,Nordjylland,F
